playtime,NOSE,NOSE,NOSE,NOSE,LEFT_EYE_INNER,LEFT_EYE_INNER,LEFT_EYE_INNER,LEFT_EYE_INNER,LEFT_EYE,LEFT_EYE,LEFT_EYE,LEFT_EYE,LEFT_EYE_OUTER,LEFT_EYE_OUTER,LEFT_EYE_OUTER,LEFT_EYE_OUTER,RIGHT_EYE_INNER,RIGHT_EYE_INNER,RIGHT_EYE_INNER,RIGHT_EYE_INNER,RIGHT_EYE,RIGHT_EYE,RIGHT_EYE,RIGHT_EYE,RIGHT_EYE_OUTER,RIGHT_EYE_OUTER,RIGHT_EYE_OUTER,RIGHT_EYE_OUTER,LEFT_EAR,LEFT_EAR,LEFT_EAR,LEFT_EAR,RIGHT_EAR,RIGHT_EAR,RIGHT_EAR,RIGHT_EAR,MOUTH_LEFT,MOUTH_LEFT,MOUTH_LEFT,MOUTH_LEFT,MOUTH_RIGHT,MOUTH_RIGHT,MOUTH_RIGHT,MOUTH_RIGHT,LEFT_SHOULDER,LEFT_SHOULDER,LEFT_SHOULDER,LEFT_SHOULDER,RIGHT_SHOULDER,RIGHT_SHOULDER,RIGHT_SHOULDER,RIGHT_SHOULDER,LEFT_ELBOW,LEFT_ELBOW,LEFT_ELBOW,LEFT_ELBOW,RIGHT_ELBOW,RIGHT_ELBOW,RIGHT_ELBOW,RIGHT_ELBOW,LEFT_WRIST,LEFT_WRIST,LEFT_WRIST,LEFT_WRIST,RIGHT_WRIST,RIGHT_WRIST,RIGHT_WRIST,RIGHT_WRIST,LEFT_PINKY,LEFT_PINKY,LEFT_PINKY,LEFT_PINKY,RIGHT_PINKY,RIGHT_PINKY,RIGHT_PINKY,RIGHT_PINKY,LEFT_INDEX,LEFT_INDEX,LEFT_INDEX,LEFT_INDEX,RIGHT_INDEX,RIGHT_INDEX,RIGHT_INDEX,RIGHT_INDEX,LEFT_THUMB,LEFT_THUMB,LEFT_THUMB,LEFT_THUMB,RIGHT_THUMB,RIGHT_THUMB,RIGHT_THUMB,RIGHT_THUMB,LEFT_HIP,LEFT_HIP,LEFT_HIP,LEFT_HIP,RIGHT_HIP,RIGHT_HIP,RIGHT_HIP,RIGHT_HIP,LEFT_KNEE,LEFT_KNEE,LEFT_KNEE,LEFT_KNEE,RIGHT_KNEE,RIGHT_KNEE,RIGHT_KNEE,RIGHT_KNEE,LEFT_ANKLE,LEFT_ANKLE,LEFT_ANKLE,LEFT_ANKLE,RIGHT_ANKLE,RIGHT_ANKLE,RIGHT_ANKLE,RIGHT_ANKLE,LEFT_HEEL,LEFT_HEEL,LEFT_HEEL,LEFT_HEEL,RIGHT_HEEL,RIGHT_HEEL,RIGHT_HEEL,RIGHT_HEEL,LEFT_FOOT_INDEX,LEFT_FOOT_INDEX,LEFT_FOOT_INDEX,LEFT_FOOT_INDEX,RIGHT_FOOT_INDEX,RIGHT_FOOT_INDEX,RIGHT_FOOT_INDEX,RIGHT_FOOT_INDEX
sec,x,y,z,v,x,y,z,v,x,y,z,v,x,y,z,v,x,y,z,v,x,y,z,v,x,y,z,v,x,y,z,v,x,y,z,v,x,y,z,v,x,y,z,v,x,y,z,v,x,y,z,v,x,y,z,v,x,y,z,v,x,y,z,v,x,y,z,v,x,y,z,v,x,y,z,v,x,y,z,v,x,y,z,v,x,y,z,v,x,y,z,v,x,y,z,v,x,y,z,v,x,y,z,v,x,y,z,v,x,y,z,v,x,y,z,v,x,y,z,v,x,y,z,v,x,y,z,v,x,y,z,v
1.0,0.6560044288635254,0.3385619521141052,-0.25918635725975037,0.999825656414032,0.6607486009597778,0.3242866098880768,-0.24451878666877747,0.9996601343154907,0.6643350720405579,0.3240225911140442,-0.24463510513305664,0.9996235370635986,0.6686651706695557,0.32363390922546387,-0.24466577172279358,0.9995883107185364,0.6458877325057983,0.3246918320655823,-0.2345491349697113,0.999722421169281,0.6396041512489319,0.3248627781867981,-0.23455028235912323,0.9996671676635742,0.6331966519355774,0.3252491354942322,-0.2345874011516571,0.9996523857116699,0.6730383634567261,0.32651808857917786,-0.1227143406867981,0.9995113611221313,0.6218808889389038,0.3300049901008606,-0.07890840619802475,0.999239444732666,0.6632829308509827,0.35016047954559326,-0.21025893092155457,0.9994280934333801,0.6468816995620728,0.35242366790771484,-0.1980639398097992,0.9994327425956726,0.7109401822090149,0.37995606660842896,-0.13275037705898285,0.99814772605896,0.6084638833999634,0.39952266216278076,0.055741310119628906,0.9985051155090332,0.6831275224685669,0.4571678042411804,-0.2882644236087799,0.9677515625953674,0.5854483842849731,0.484455943107605,-0.09510671347379684,0.8275170922279358,0.6044604778289795,0.40490472316741943,-0.42649632692337036,0.9759436845779419,0.5947529077529907,0.42541271448135376,-0.4011543393135071,0.8976277709007263,0.5829643607139587,0.3904445767402649,-0.47552943229675293,0.9597371220588684,0.5840054154396057,0.406976580619812,-0.4541091322898865,0.8343821167945862,0.5837692022323608,0.38171136379241943,-0.4702904224395752,0.9567487835884094,0.5837051272392273,0.3980042636394501,-0.4497152268886566,0.8226819634437561,0.5903380513191223,0.3846483826637268,-0.4262468218803406,0.9350986480712891,0.5902079343795776,0.4054889976978302,-0.4087720513343811,0.7895564436912537,0.7252790927886963,0.5752272605895996,-0.05829358845949173,0.9988625049591064,0.6543051600456238,0.5777820348739624,0.05827256292104721,0.9991725087165833,0.7141383290290833,0.7084003686904907,0.026416674256324768,0.9896057844161987,0.6434890627861023,0.7063089609146118,0.13165543973445892,0.9836977124214172,0.7087813019752502,0.810822606086731,0.28999340534210205,0.9750725030899048,0.6429831981658936,0.8176084160804749,0.3400978446006775,0.9839699864387512,0.7058917284011841,0.8283183574676514,0.30733269453048706,0.8380550146102905,0.6569254398345947,0.8382902145385742,0.35248348116874695,0.9110498428344727,0.704365074634552,0.8508644700050354,0.17045806348323822,0.968665361404419,0.601385235786438,0.8546922206878662,0.2159615457057953,0.9746878147125244
2.0,0.6553146839141846,0.3385697305202484,-0.2513878345489502,0.9998254776000977,0.6601579189300537,0.32419446110725403,-0.2372864931821823,0.9996564388275146,0.6640492677688599,0.32378414273262024,-0.23736397922039032,0.9996175765991211,0.6680595874786377,0.32331612706184387,-0.23735766112804413,0.9995813965797424,0.6448732614517212,0.3247632086277008,-0.22814872860908508,0.9997182488441467,0.6385685205459595,0.32507452368736267,-0.22815844416618347,0.9996630549430847,0.6322805285453796,0.32565030455589294,-0.2281922996044159,0.999652087688446,0.6729203462600708,0.3260231018066406,-0.11873122304677963,0.9994898438453674,0.6218977570533752,0.33029863238334656,-0.0777873769402504,0.9992329478263855,0.6632040739059448,0.3500903248786926,-0.20383629202842712,0.999422013759613,0.6467103362083435,0.3524271249771118,-0.19259442389011383,0.9994335174560547,0.7117798328399658,0.3799501955509186,-0.1151345744729042,0.9981491565704346,0.6089263558387756,0.3992389738559723,0.04741842299699783,0.9985349774360657,0.6843252778053284,0.45776647329330444,-0.24624505639076233,0.9674795269966125,0.5844763517379761,0.48446714878082275,-0.10880013555288315,0.8343415260314941,0.604511559009552,0.40506812930107117,-0.37173599004745483,0.9761043787002563,0.5946211814880371,0.42539528012275696,-0.4033593535423279,0.9003700017929077,0.5834087133407593,0.3915587067604065,-0.4160124361515045,0.9597632884979248,0.5842251777648926,0.4073415994644165,-0.45558634400367737,0.8371965289115906,0.5843024849891663,0.3823957145214081,-0.40803423523902893,0.9567310214042664,0.5842245221138,0.398489385843277,-0.4498724043369293,0.8253946900367737,0.5909281969070435,0.3852427899837494,-0.37006014585494995,0.9352191090583801,0.5904220342636108,0.4054618775844574,-0.4097103178501129,0.7927348613739014,0.7244390249252319,0.575531542301178,-0.05165327340364456,0.9988553524017334,0.6539496183395386,0.5778602361679077,0.05158267542719841,0.9991658926010132,0.7141039967536926,0.7094838619232178,0.0264749713242054,0.9896725416183472,0.6433237195014954,0.7064488530158997,0.10955440998077393,0.9838809370994568,0.708781361579895,0.8126100897789001,0.27813246846199036,0.9756518006324768,0.6426987648010254,0.817734956741333,0.302668035030365,0.9839653968811035,0.7053068280220032,0.8298006057739258,0.2935391366481781,0.837674617767334,0.656248927116394,0.8383427262306213,0.31390541791915894,0.9094327688217163,0.7042931318283081,0.8534330725669861,0.15176844596862793,0.9691449999809265,0.6030046939849854,0.855067789554596,0.17639386653900146,0.9747281670570374
3.0,0.6567538380622864,0.33668577671051025,-0.26304110884666443,0.9998164176940918,0.6609090566635132,0.3224335312843323,-0.24653883278369904,0.9996351599693298,0.6645582318305969,0.3218865394592285,-0.24659451842308044,0.999592125415802,0.6685201525688171,0.3212398886680603,-0.2465825080871582,0.999552309513092,0.6458403468132019,0.32389968633651733,-0.2432209998369217,0.9996976852416992,0.6393869519233704,0.32455044984817505,-0.24323181807994843,0.999641478061676,0.6329783201217651,0.32536780834198,-0.243247389793396,0.999635636806488,0.6732315421104431,0.32390862703323364,-0.1185670718550682,0.9994376301765442,0.6224913001060486,0.3302905261516571,-0.09888018667697906,0.9991958141326904,0.664426326751709,0.3480280637741089,-0.2095870077610016,0.9994016885757446,0.6480121612548828,0.35112664103507996,-0.20580163598060608,0.9994223713874817,0.713351845741272,0.37995094060897827,-0.08903626352548599,0.9981533885002136,0.6077930331230164,0.3987482786178589,0.02077677845954895,0.9985616207122803,0.700480043888092,0.4619888663291931,-0.20603930950164795,0.9655450582504272,0.583286464214325,0.4848635792732239,-0.12125943601131439,0.8416772484779358,0.6117899417877197,0.41311463713645935,-0.36192256212234497,0.9741919636726379,0.5989035367965698,0.4277861714363098,-0.4060977101325989,0.9022898077964783,0.590451180934906,0.39789149165153503,-0.40720710158348083,0.9564827084541321,0.5910249948501587,0.40867432951927185,-0.457470178604126,0.8392457962036133,0.5920501947402954,0.3890259265899658,-0.3989824950695038,0.9531912803649902,0.5907751321792603,0.40037834644317627,-0.45247989892959595,0.8274367451667786,0.5997388362884521,0.39337894320487976,-0.3604525327682495,0.930558443069458,0.5976622700691223,0.40728387236595154,-0.41144728660583496,0.7945097088813782,0.7235239744186401,0.5755351185798645,-0.04103150963783264,0.9988232254981995,0.653072714805603,0.5778538584709167,0.04099850356578827,0.9991399049758911,0.7139469385147095,0.7094766497612,0.033937521278858185,0.9896551966667175,0.6428430080413818,0.7064541578292847,0.09661659598350525,0.9841175079345703,0.7085728645324707,0.8139021992683411,0.27619826793670654,0.9762892723083496,0.6420020461082458,0.8178297877311707,0.2927756607532501,0.9840905070304871,0.704168975353241,0.8312278985977173,0.2906053066253662,0.8382084369659424,0.6548876762390137,0.8383546471595764,0.30417776107788086,0.9078332185745239,0.7040494680404663,0.8544549942016602,0.14294607937335968,0.9696950316429138,0.6041535139083862,0.855242133140564,0.15851283073425293,0.9748945236206055
4.0,0.6580321192741394,0.33588749170303345,-0.2968630790710449,0.9998100996017456,0.661894679069519,0.32161906361579895,-0.2784079611301422,0.9996212720870972,0.6653382182121277,0.3210638165473938,-0.27846482396125793,0.9995764493942261,0.6694377660751343,0.3203922212123871,-0.2784787714481354,0.9995349049568176,0.6472662687301636,0.32326871156692505,-0.2776761054992676,0.9996824264526367,0.6405655145645142,0.3240453004837036,-0.27769240736961365,0.9996260404586792,0.6339380741119385,0.32499995827674866,-0.2776935398578644,0.9996222257614136,0.674130380153656,0.3233211040496826,-0.1332920491695404,0.9994199275970459,0.6227877140045166,0.330205500125885,-0.13001638650894165,0.9991786479949951,0.6652784943580627,0.34759724140167236,-0.2379157990217209,0.9994083642959595,0.6486476063728333,0.3507893681526184,-0.23773455619812012,0.999424397945404,0.7154971361160278,0.3801358938217163,-0.08976666629314423,0.9982306957244873,0.6031369566917419,0.3987515866756439,0.0010883648646995425,0.9985941052436829,0.7222257852554321,0.46543261408805847,-0.2030971348285675,0.9657398462295532,0.5821467638015747,0.48659273982048035,-0.12317971885204315,0.8468877077102661,0.6246147155761719,0.4250316917896271,-0.3772140443325043,0.9726659655570984,0.602705180644989,0.43431249260902405,-0.40683603286743164,0.9017012119293213,0.6008498072624207,0.41162216663360596,-0.423893541097641,0.9530744552612305,0.5988928079605103,0.4171748161315918,-0.4578014016151428,0.8378629088401794,0.6015090346336365,0.4034665524959564,-0.41415682435035706,0.9495275616645813,0.5965874791145325,0.41035932302474976,-0.45461249351501465,0.8259033560752869,0.6096768975257874,0.40685054659843445,-0.37506717443466187,0.9256007075309753,0.6026973128318787,0.41513651609420776,-0.4122139811515808,0.7919816374778748,0.7232589721679688,0.5755334496498108,-0.036400698125362396,0.9988025426864624,0.651660144329071,0.577809751033783,0.036396242678165436,0.9991129040718079,0.7139295339584351,0.7094199061393738,0.033367790281772614,0.9897521138191223,0.6421144008636475,0.7064675688743591,0.09071625769138336,0.9844280481338501,0.7082187533378601,0.8145099878311157,0.2811429798603058,0.9769667387008667,0.641351580619812,0.8179092407226562,0.3019978404045105,0.9843565821647644,0.7030894756317139,0.8319844007492065,0.2959490418434143,0.8401316404342651,0.65377277135849,0.8383806943893433,0.31430763006210327,0.9069414138793945,0.7039569616317749,0.8549352884292603,0.1480049043893814,0.9702038764953613,0.6047323942184448,0.8553903102874756,0.16462285816669464,0.975159227848053
5.0,0.659870445728302,0.3339603841304779,-0.3261786997318268,0.9998189806938171,0.662736713886261,0.31999731063842773,-0.3070971965789795,0.9996399879455566,0.6661593914031982,0.31932637095451355,-0.30715861916542053,0.9995972514152527,0.6702588200569153,0.31851962208747864,-0.3071945309638977,0.9995577335357666,0.6488012671470642,0.32203441858291626,-0.30584433674812317,0.9996956586837769,0.6420965194702148,0.3230554759502411,-0.3058723509311676,0.9996424913406372,0.6354619264602661,0.3242655098438263,-0.3058616518974304,0.9996392130851746,0.6743291020393372,0.321500688791275,-0.15584902465343475,0.9994539022445679,0.6234574913978577,0.33012130856513977,-0.15167590975761414,0.9992245435714722,0.6663898229598999,0.3460294306278229,-0.26543107628822327,0.9994505047798157,0.6499322652816772,0.3492368757724762,-0.26463913917541504,0.9994617104530334,0.7181071043014526,0.38118696212768555,-0.09826044738292694,0.9983561635017395,0.6026707887649536,0.4017811715602875,-0.00917099043726921,0.9986633062362671,0.7353606224060059,0.4686536490917206,-0.21412214636802673,0.9668154120445251,0.5814578533172607,0.4880354106426239,-0.12605787813663483,0.8527171611785889,0.6372658014297485,0.43847864866256714,-0.3985101580619812,0.9719303846359253,0.6023362278938293,0.44123178720474243,-0.4208061695098877,0.9020477533340454,0.6130873560905457,0.4283251464366913,-0.44925636053085327,0.9508412480354309,0.5987247228622437,0.4283767640590668,-0.4728162884712219,0.8379709720611572,0.6119192242622375,0.4190704822540283,-0.43792295455932617,0.9471640586853027,0.5990017652511597,0.4214745759963989,-0.47462230920791626,0.8261458873748779,0.6213163137435913,0.42279577255249023,-0.39556047320365906,0.9223598837852478,0.6041883826255798,0.42419958114624023,-0.42781513929367065,0.7917583584785461,0.7229450941085815,0.5756393074989319,-0.03659595921635628,0.9988210201263428,0.6501694917678833,0.5778098702430725,0.036580804735422134,0.9991137385368347,0.713943362236023,0.7094088196754456,0.02781219780445099,0.9900135397911072,0.6408685445785522,0.706889271736145,0.09472307562828064,0.9849517941474915,0.7081435918807983,0.8144848346710205,0.3017178475856781,0.9777758717536926,0.6411730051040649,0.8178781270980835,0.3250848948955536,0.9848544597625732,0.7027565240859985,0.8319656252861023,0.3200594186782837,0.8436912894248962,0.6536461114883423,0.8382883667945862,0.3406335115432739,0.9078704714775085,0.703947901725769,0.8551575541496277,0.16323861479759216,0.9709076881408691,0.6048372387886047,0.8554415106773376,0.1750238835811615,0.975813090801239
6.0,0.660668671131134,0.33266782760620117,-0.31095176935195923,0.9998269081115723,0.663455605506897,0.3190629780292511,-0.2902088463306427,0.9996603727340698,0.667181134223938,0.3184106945991516,-0.2902917265892029,0.9996215105056763,0.6714850664138794,0.3176356554031372,-0.2903490662574768,0.9995867013931274,0.6493943333625793,0.3212537467479706,-0.2888343036174774,0.9997050166130066,0.6426534056663513,0.3224398195743561,-0.28882455825805664,0.9996511936187744,0.6362142562866211,0.3238001763820648,-0.28878894448280334,0.9996447563171387,0.6755983233451843,0.32119864225387573,-0.14484943449497223,0.9994962215423584,0.6243695616722107,0.3301200568675995,-0.13304638862609863,0.9992581009864807,0.667473316192627,0.34514495730400085,-0.2505985498428345,0.9994945526123047,0.6504443883895874,0.3482511639595032,-0.24946829676628113,0.999495267868042,0.7236157655715942,0.3848186433315277,-0.06996683776378632,0.9985046982765198,0.6030428409576416,0.40280961990356445,-0.0008486374281346798,0.9986559152603149,0.7526559829711914,0.4721178412437439,-0.15358656644821167,0.9686830639839172,0.5832158327102661,0.4762113392353058,-0.08546091616153717,0.8401268124580383,0.6729527711868286,0.46214085817337036,-0.334111750125885,0.971785843372345,0.6126807332038879,0.44934195280075073,-0.31840211153030396,0.8668425679206848,0.6488932371139526,0.4627630412578583,-0.3850497305393219,0.9493886232376099,0.6368019580841064,0.4581749737262726,-0.3655886650085449,0.7993609309196472,0.6439976096153259,0.4481191039085388,-0.38127756118774414,0.9459015130996704,0.6277519464492798,0.4413132965564728,-0.3732849955558777,0.7871023416519165,0.6494590640068054,0.44800829887390137,-0.3338003158569336,0.9205728769302368,0.6347478628158569,0.44780561327934265,-0.32681745290756226,0.753156304359436,0.7220209836959839,0.5766987800598145,-0.032138653099536896,0.9988834261894226,0.6488898992538452,0.5781046748161316,0.03229297325015068,0.9991309642791748,0.7139421701431274,0.7090190649032593,0.04807561635971069,0.9901348948478699,0.6385672688484192,0.7065606713294983,0.09922342002391815,0.9854509830474854,0.7081378698348999,0.8144892454147339,0.3143100142478943,0.9786503911018372,0.6409755945205688,0.8177655339241028,0.34056705236434937,0.985344409942627,0.7027079463005066,0.8320711851119995,0.3310052156448364,0.847825825214386,0.6535759568214417,0.8381727337837219,0.35530421137809753,0.9087826013565063,0.7038218975067139,0.8551844954490662,0.16783955693244934,0.971635103225708,0.6048276424407959,0.8554500937461853,0.19059684872627258,0.976459801197052
7.0,0.6605552434921265,0.33283185958862305,-0.34863248467445374,0.9998391270637512,0.6641049385070801,0.31906741857528687,-0.3255991041660309,0.999685525894165,0.668291449546814,0.3184974789619446,-0.32570821046829224,0.9996501207351685,0.6730470061302185,0.3177940547466278,-0.3257799744606018,0.9996194839477539,0.6493333578109741,0.32113710045814514,-0.32329055666923523,0.9997230172157288,0.6426111459732056,0.3223138451576233,-0.32329434156417847,0.999670684337616,0.6362019777297974,0.3236868679523468,-0.3232746124267578,0.9996627569198608,0.6789838075637817,0.3214993178844452,-0.16273531317710876,0.9995400905609131,0.6254143714904785,0.3301517963409424,-0.15441927313804626,0.9993013739585876,0.6677043437957764,0.3452564775943756,-0.28439822793006897,0.9995406270027161,0.6502940058708191,0.348283588886261,-0.2827007472515106,0.9995362758636475,0.724509596824646,0.389617919921875,-0.08283116668462753,0.9986495971679688,0.6054662466049194,0.40276074409484863,0.003914821892976761,0.99870765209198,0.768628716468811,0.47691887617111206,-0.1930631846189499,0.971592128276825,0.583232045173645,0.4646071493625641,-0.08236588537693024,0.8271836638450623,0.6837883591651917,0.47864994406700134,-0.41845592856407166,0.974209189414978,0.5966652631759644,0.4677583575248718,-0.4142833352088928,0.8529216647148132,0.659023642539978,0.48306846618652344,-0.48354244232177734,0.9533054828643799,0.6036713719367981,0.47896164655685425,-0.4774124026298523,0.7855677008628845,0.6562420129776001,0.466431587934494,-0.48326534032821655,0.9501487016677856,0.6086814999580383,0.47145605087280273,-0.5033397078514099,0.7743552327156067,0.6620411276817322,0.4644412696361542,-0.419666588306427,0.9264588952064514,0.6164446473121643,0.4678924083709717,-0.4339292049407959,0.7412030696868896,0.7196666598320007,0.5767295360565186,-0.032768890261650085,0.9988795518875122,0.6482445597648621,0.5780022740364075,0.033115923404693604,0.9990711808204651,0.7133463621139526,0.7083992958068848,0.007931786589324474,0.9898849129676819,0.6335539221763611,0.7064921259880066,0.053914617747068405,0.9847277998924255,0.7079431414604187,0.8148773312568665,0.2430514544248581,0.9786161184310913,0.6404428482055664,0.8177615404129028,0.2788199484348297,0.9851356148719788,0.702792227268219,0.8328704237937927,0.25440698862075806,0.8455343246459961,0.6535964608192444,0.8382273316383362,0.28996598720550537,0.9089399576187134,0.7014631032943726,0.85533207654953,0.08282838016748428,0.9713910818099976,0.6014183759689331,0.8553848266601562,0.12694667279720306,0.9764820337295532
8.0,0.6613029837608337,0.33287495374679565,-0.38442331552505493,0.9998531341552734,0.6665505170822144,0.3191215395927429,-0.3652717173099518,0.9997131824493408,0.6715067625045776,0.3185972571372986,-0.36536723375320435,0.9996809959411621,0.6764532923698425,0.31790539622306824,-0.3654438853263855,0.9996542930603027,0.6503223776817322,0.32113730907440186,-0.35871821641921997,0.9997455477714539,0.6434739232063293,0.322322279214859,-0.3587028384208679,0.9996960759162903,0.637119710445404,0.32369059324264526,-0.3586619794368744,0.9996882081031799,0.6845389604568481,0.322857528924942,-0.2157544642686844,0.99958336353302,0.627312421798706,0.33058232069015503,-0.18862465023994446,0.999355673789978,0.6693546772003174,0.34534451365470886,-0.3255733251571655,0.9995850920677185,0.6504918336868286,0.3483465909957886,-0.31824755668640137,0.9995790123939514,0.7285088300704956,0.4005841910839081,-0.16812416911125183,0.9987822771072388,0.6098087430000305,0.402866393327713,-0.007649789564311504,0.9987847805023193,0.7884937524795532,0.482353538274765,-0.25970086455345154,0.9742909073829651,0.5882152915000916,0.45196935534477234,-0.021624404937028885,0.7995483875274658,0.7053691744804382,0.4998400807380676,-0.4891054034233093,0.9764118194580078,0.5876561403274536,0.47843581438064575,-0.31529733538627625,0.8311616778373718,0.6797462105751038,0.5047628879547119,-0.5518041253089905,0.9569095373153687,0.5859941244125366,0.49778950214385986,-0.36411699652671814,0.7666820883750916,0.6782186627388,0.4900033175945282,-0.5519672632217407,0.9540567398071289,0.5938165187835693,0.49447101354599,-0.40388351678848267,0.7578585147857666,0.6849172711372375,0.4878696799278259,-0.4902040362358093,0.9318875670433044,0.5983524918556213,0.48878538608551025,-0.3389194905757904,0.7268176078796387,0.7168055176734924,0.5805988907814026,-0.046877071261405945,0.9989190697669983,0.6479408740997314,0.5810319781303406,0.04698653519153595,0.9990597367286682,0.7124531865119934,0.7101005911827087,0.010706791654229164,0.989987313747406,0.6291007399559021,0.7078999280929565,0.0682363286614418,0.9846674203872681,0.7079275846481323,0.8146119713783264,0.25946033000946045,0.9794763922691345,0.6402392983436584,0.8166472315788269,0.32350248098373413,0.9854234457015991,0.7036739587783813,0.8321011662483215,0.2735063433647156,0.8463301658630371,0.6536095142364502,0.8369002342224121,0.340300589799881,0.9118359088897705,0.6991535425186157,0.8554513454437256,0.11377400159835815,0.9724060297012329,0.6004239320755005,0.8552880883216858,0.1888253390789032,0.9773572087287903
9.0,0.6615411043167114,0.3329756557941437,-0.40487542748451233,0.9998664855957031,0.6687856912612915,0.3194795548915863,-0.3862524628639221,0.9997391700744629,0.6741238832473755,0.3192775547504425,-0.3863120675086975,0.9997100830078125,0.6794273853302002,0.3191453814506531,-0.3863864839076996,0.9996867179870605,0.6515634655952454,0.32123926281929016,-0.3788849413394928,0.9997673034667969,0.6449887752532959,0.32238876819610596,-0.37885671854019165,0.9997212290763855,0.6389002203941345,0.32373276352882385,-0.37879127264022827,0.9997134208679199,0.688794732093811,0.32641157507896423,-0.2429742068052292,0.99962317943573,0.6309120655059814,0.33098268508911133,-0.2123442143201828,0.9994080066680908,0.6705403923988342,0.346680223941803,-0.3489566445350647,0.9996254444122314,0.6505658626556396,0.34847819805145264,-0.34060317277908325,0.9996183514595032,0.729975163936615,0.40605658292770386,-0.2031937539577484,0.9989020228385925,0.6101607084274292,0.40333685278892517,-0.03258775919675827,0.9988343715667725,0.7945932745933533,0.4804310202598572,-0.27218568325042725,0.9767051339149475,0.5889865756034851,0.4535878598690033,-0.028254088014364243,0.7614790201187134,0.7313236594200134,0.516875147819519,-0.4601760506629944,0.9780415892601013,0.5875550508499146,0.4946274161338806,-0.27481788396835327,0.7865941524505615,0.7134355306625366,0.5321268439292908,-0.5152852535247803,0.95906662940979,0.5864966511726379,0.5151469111442566,-0.3161143958568573,0.7249050140380859,0.7073454856872559,0.5204111337661743,-0.5178130269050598,0.9564476013183594,0.5918048620223999,0.5131506323814392,-0.3514915704727173,0.7178797721862793,0.7120157480239868,0.5134108066558838,-0.46139946579933167,0.9350734353065491,0.5951045155525208,0.5047621726989746,-0.2959086298942566,0.6897392272949219,0.7142650485038757,0.5823193192481995,-0.05185547471046448,0.9989814758300781,0.6466684341430664,0.5821031928062439,0.05183761194348335,0.999094545841217,0.7119671702384949,0.7116317749023438,0.013261454179883003,0.9904161691665649,0.6252971887588501,0.7082306742668152,0.059127677232027054,0.9853583574295044,0.707883358001709,0.8145856857299805,0.29366621375083923,0.9808690547943115,0.6398522257804871,0.8164453506469727,0.33405420184135437,0.9862956404685974,0.7039724588394165,0.8317098021507263,0.3106115162372589,0.8512122631072998,0.6535362601280212,0.8361965417861938,0.35219764709472656,0.9167041778564453,0.6977410912513733,0.8557608127593994,0.13555808365345,0.974077582359314,0.6002029180526733,0.8553645014762878,0.2059655487537384,0.9788029193878174
10.0,0.6629422903060913,0.33304041624069214,-0.407768577337265,0.9998794198036194,0.671857476234436,0.3199457824230194,-0.3902285695075989,0.9997643828392029,0.677556037902832,0.32004228234291077,-0.390235036611557,0.9997382164001465,0.6828615665435791,0.32035842537879944,-0.3902902603149414,0.9997174143791199,0.6539620161056519,0.3212563693523407,-0.3864749073982239,0.999789297580719,0.6473485231399536,0.32239219546318054,-0.38640737533569336,0.9997473359107971,0.641247570514679,0.32365328073501587,-0.38624316453933716,0.9997397661209106,0.6923291087150574,0.3289656937122345,-0.2546687424182892,0.9996602535247803,0.6330652832984924,0.3309825360774994,-0.24193385243415833,0.9994632601737976,0.6723411083221436,0.3473547399044037,-0.3543107807636261,0.9996623992919922,0.651089072227478,0.34851789474487305,-0.35067275166511536,0.9996550679206848,0.7302535176277161,0.40956759452819824,-0.20297297835350037,0.9990110993385315,0.6097036600112915,0.4042229652404785,-0.046236880123615265,0.9988205432891846,0.8053869009017944,0.47546735405921936,-0.13727517426013947,0.9789113998413086,0.5899317860603333,0.4545932710170746,0.13801150023937225,0.7155308723449707,0.7597853541374207,0.5230950117111206,-0.18593378365039825,0.9795494079589844,0.5880258083343506,0.4938512146472931,0.1401388794183731,0.7355115413665771,0.7436188459396362,0.5439757704734802,-0.21488241851329803,0.961069643497467,0.5871205925941467,0.5115994215011597,0.13246071338653564,0.6789947152137756,0.7367452383041382,0.5357145667076111,-0.23698440194129944,0.958648145198822,0.590803325176239,0.511307418346405,0.09515242278575897,0.6734664440155029,0.7397592067718506,0.5275961756706238,-0.19088394939899445,0.9385012984275818,0.594129204750061,0.5059149265289307,0.12461115419864655,0.6495010852813721,0.7114903330802917,0.5836089849472046,-0.053087539970874786,0.9990664720535278,0.6449064612388611,0.5825828909873962,0.0531005784869194,0.9991461038589478,0.7117955684661865,0.7149415612220764,0.014311200007796288,0.9910143613815308,0.6219611763954163,0.7093797326087952,0.06952594965696335,0.9861270785331726,0.7079224586486816,0.8146818280220032,0.30625656247138977,0.9824128150939941,0.6394459009170532,0.8115025758743286,0.402660608291626,0.9871211647987366,0.7038799524307251,0.8316892981529236,0.32605716586112976,0.8603321313858032,0.6532044410705566,0.8280788064002991,0.42640334367752075,0.9217151999473572,0.6979562044143677,0.8566014766693115,0.17354075610637665,0.9758828282356262,0.6014181971549988,0.8533816933631897,0.30844545364379883,0.9800177216529846
11.0,0.6630438566207886,0.33285966515541077,-0.4563813805580139,0.9998909831047058,0.6726228594779968,0.3199693262577057,-0.4410415589809418,0.9997867345809937,0.6783638596534729,0.32005131244659424,-0.4410131871700287,0.9997633695602417,0.6837502717971802,0.3204234540462494,-0.44107332825660706,0.9997447729110718,0.6539872288703918,0.32062828540802,-0.4379565715789795,0.9998087286949158,0.6474482417106628,0.3214285671710968,-0.4378785490989685,0.9997706413269043,0.6412478685379028,0.32241156697273254,-0.4376376271247864,0.9997631311416626,0.6929646730422974,0.32894906401634216,-0.30654019117355347,0.9996934533119202,0.6331512331962585,0.32978150248527527,-0.2968500852584839,0.9995132088661194,0.6728373765945435,0.34735044836997986,-0.40244394540786743,0.9996954798698425,0.6510649919509888,0.34829244017601013,-0.3995378315448761,0.9996870756149292,0.7295403480529785,0.4082951843738556,-0.24036577343940735,0.9991092681884766,0.6060681939125061,0.40266790986061096,-0.07384155690670013,0.9987985491752625,0.810985267162323,0.4644753038883209,-0.09691067785024643,0.9809200167655945,0.5930374264717102,0.44984734058380127,0.19939963519573212,0.6688044667243958,0.7646675705909729,0.5268036127090454,-0.040038011968135834,0.980347216129303,0.5907038450241089,0.4949582815170288,0.3051609396934509,0.6830595135688782,0.7551457285881042,0.5481891632080078,-0.04607973247766495,0.9606176018714905,0.5933750867843628,0.5119620561599731,0.31836432218551636,0.6315939426422119,0.7452425956726074,0.5424370169639587,-0.07357188314199448,0.9582521915435791,0.5948033332824707,0.5084430575370789,0.28425636887550354,0.6266641616821289,0.7457501888275146,0.5353729128837585,-0.044129569083452225,0.9388167262077332,0.5969086289405823,0.5040819644927979,0.29485318064689636,0.605868399143219,0.7076338529586792,0.5840603113174438,-0.05829990655183792,0.9991425275802612,0.6412363052368164,0.5824391841888428,0.05830240994691849,0.999190628528595,0.7112683057785034,0.7169394493103027,0.015695277601480484,0.9916525483131409,0.6182164549827576,0.7061476707458496,0.12767043709754944,0.9867116808891296,0.7079211473464966,0.8149262070655823,0.2895263135433197,0.9838919043540955,0.6392222046852112,0.8019294142723083,0.4788627624511719,0.9878284335136414,0.7039059996604919,0.8316843509674072,0.3072636127471924,0.8695874214172363,0.6532002091407776,0.8175019025802612,0.5043071508407593,0.92654949426651,0.6966756582260132,0.8570470809936523,0.16697338223457336,0.9777078628540039,0.6014325618743896,0.8461697697639465,0.4116249978542328,0.9811921715736389
12.0,0.6627268195152283,0.32923775911331177,-0.41128429770469666,0.9999009966850281,0.6722013354301453,0.3168044090270996,-0.39392316341400146,0.9998060464859009,0.6778062582015991,0.31735849380493164,-0.39394611120224,0.9997849464416504,0.6829408407211304,0.3180945813655853,-0.39400622248649597,0.9997686147689819,0.6538105010986328,0.3168236315250397,-0.3909836709499359,0.9998255372047424,0.647351861000061,0.31735455989837646,-0.3909427523612976,0.9997905492782593,0.6411633491516113,0.31825679540634155,-0.3908126950263977,0.999782919883728,0.6914524435997009,0.3273541033267975,-0.2537176012992859,0.999722957611084,0.6327625513076782,0.32620200514793396,-0.24323785305023193,0.9995554089546204,0.6726160645484924,0.3452196717262268,-0.3555990159511566,0.9997251629829407,0.6505473852157593,0.346037894487381,-0.3528359830379486,0.9997161626815796,0.728995680809021,0.4054938852787018,-0.2025424689054489,0.9991973042488098,0.601841390132904,0.40021073818206787,-0.06111997365951538,0.9987996816635132,0.8089842796325684,0.45344334840774536,-0.1301657110452652,0.98260098695755,0.5960869193077087,0.4539440870285034,-0.010529035702347755,0.6296287775039673,0.7779120802879333,0.5207042098045349,-0.19330105185508728,0.9809582233428955,0.5979641079902649,0.49317246675491333,-0.23422977328300476,0.6540068984031677,0.7742982506752014,0.5410258769989014,-0.2243262082338333,0.9613716006278992,0.6025068759918213,0.5046658515930176,-0.2761151194572449,0.6114102602005005,0.7614373564720154,0.5375852584838867,-0.25038567185401917,0.9592459797859192,0.6041340231895447,0.498195618391037,-0.31169161200523376,0.6082420349121094,0.7591294646263123,0.5313372015953064,-0.20032639801502228,0.9407582879066467,0.6074296236038208,0.49485257267951965,-0.2549360394477844,0.5883696675300598,0.7067404389381409,0.5839087963104248,-0.05814053490757942,0.9992102384567261,0.6396989226341248,0.5812368392944336,0.058099668473005295,0.9992183446884155,0.7101379036903381,0.7163903117179871,0.01615382544696331,0.9922130107879639,0.616077721118927,0.7007130980491638,0.14531055092811584,0.9867491722106934,0.7078813314437866,0.8148197531700134,0.255467027425766,0.9851334691047668,0.6388570070266724,0.7949942946434021,0.48124733567237854,0.9878937005996704,0.7041531801223755,0.8311749696731567,0.26765817403793335,0.874932587146759,0.653152346611023,0.8089543581008911,0.5055497884750366,0.9283237457275391,0.6954402923583984,0.8570066690444946,0.10148762166500092,0.979170560836792,0.6015734672546387,0.8368359208106995,0.39357659220695496,0.9816333651542664
13.0,0.6606573462486267,0.32876747846603394,-0.4122850000858307,0.9999043941497803,0.6707755327224731,0.3153921961784363,-0.39563480019569397,0.9998048543930054,0.6764388680458069,0.31578177213668823,-0.3956402540206909,0.999789834022522,0.6809578537940979,0.3163555860519409,-0.3957042694091797,0.9997755289077759,0.6512705683708191,0.31585392355918884,-0.3937760889530182,0.9998235106468201,0.6447843909263611,0.3164246380329132,-0.3937278389930725,0.9997922778129578,0.6389219164848328,0.3173689842224121,-0.3935847878456116,0.9997814893722534,0.6903014183044434,0.3243790864944458,-0.25681501626968384,0.9997363090515137,0.6324917078018188,0.32480016350746155,-0.24941816926002502,0.9995701313018799,0.6717661619186401,0.3445369005203247,-0.35667163133621216,0.9997453093528748,0.648962140083313,0.34559279680252075,-0.35457494854927063,0.9997241497039795,0.7287231683731079,0.4033236503601074,-0.19040527939796448,0.9992737174034119,0.5961153507232666,0.3961431682109833,-0.05784168839454651,0.998725414276123,0.8089988827705383,0.4366006553173065,-0.04747585579752922,0.9838567972183228,0.595271646976471,0.4407219886779785,0.1598798930644989,0.5979403257369995,0.7771998643875122,0.5137308239936829,-0.01837109960615635,0.9743159413337708,0.6101573705673218,0.4965752065181732,0.21350260078907013,0.6095506548881531,0.7706748247146606,0.5355054140090942,-0.02787530981004238,0.9457663893699646,0.6177420020103455,0.5112521648406982,0.21356289088726044,0.5707871317863464,0.7583421468734741,0.5316468477249146,-0.06206471845507622,0.9436026811599731,0.6213663816452026,0.5075921416282654,0.18150319159030914,0.5681449770927429,0.7565001845359802,0.5244899988174438,-0.027747098356485367,0.924490749835968,0.6222791075706482,0.5015909671783447,0.20290815830230713,0.5501560568809509,0.7067545056343079,0.5816694498062134,-0.05839945748448372,0.9992241859436035,0.6377813220024109,0.5786889791488647,0.058357350528240204,0.9991554021835327,0.7097848653793335,0.7157464623451233,-0.004423909354954958,0.99262535572052,0.6157909035682678,0.6971659660339355,0.13597698509693146,0.9867729544639587,0.7078609466552734,0.8140232563018799,0.19048355519771576,0.986172616481781,0.639674723148346,0.7912613749504089,0.4561540186405182,0.9878999590873718,0.7048612833023071,0.8295611143112183,0.1984669268131256,0.878021776676178,0.6553242802619934,0.8024452924728394,0.4782753586769104,0.9301789402961731,0.693844199180603,0.8569924235343933,0.036538027226924896,0.9802408218383789,0.6050786375999451,0.8330527544021606,0.37777823209762573,0.9820391535758972
14.0,0.6605198383331299,0.3288385272026062,-0.39615514874458313,0.9998986124992371,0.6702983975410461,0.3150289058685303,-0.37411659955978394,0.999776303768158,0.6754759550094604,0.3152899146080017,-0.3741762936115265,0.9997695088386536,0.6793391108512878,0.3156973421573639,-0.3744105100631714,0.9997632503509521,0.6505230069160461,0.3155983090400696,-0.3907966613769531,0.9997914433479309,0.6437081098556519,0.31619566679000854,-0.3908161520957947,0.9997609257698059,0.6376786231994629,0.3170691132545471,-0.3907744288444519,0.9997432231903076,0.6854246854782104,0.3220980167388916,-0.2190043181180954,0.9997338652610779,0.6303125619888306,0.3239086866378784,-0.2286694496870041,0.9995343089103699,0.6710383892059326,0.3440743684768677,-0.33182859420776367,0.9997590780258179,0.6484123468399048,0.3454136252403259,-0.3540199100971222,0.9997135400772095,0.7238621115684509,0.39636310935020447,-0.1347448080778122,0.9993427991867065,0.5909181237220764,0.39388248324394226,-0.047022853046655655,0.9985412359237671,0.8087164759635925,0.42901670932769775,-0.0025399085134267807,0.9848789572715759,0.5972221493721008,0.4397822916507721,0.16131699085235596,0.5629621744155884,0.7745358347892761,0.5056658387184143,-0.0038285222835838795,0.966654896736145,0.6183814406394958,0.4980594515800476,0.2040649652481079,0.5606743693351746,0.7712424993515015,0.522592306137085,-0.01982385851442814,0.9286348819732666,0.626316487789154,0.515493631362915,0.20033566653728485,0.5264558792114258,0.7588711977005005,0.5185682773590088,-0.050871096551418304,0.9267628788948059,0.6288959383964539,0.5118008255958557,0.1652975231409073,0.5244480967521667,0.7563384771347046,0.5122367143630981,-0.013312466442584991,0.9069455862045288,0.6306416988372803,0.5062809586524963,0.191833034157753,0.5084409117698669,0.7067748308181763,0.5782255530357361,-0.05406372994184494,0.9991881251335144,0.6364068984985352,0.5763969421386719,0.05405976250767708,0.9989746809005737,0.7098086476325989,0.7149789333343506,-0.01808800920844078,0.9928534030914307,0.6171804070472717,0.6981978416442871,0.09586334973573685,0.9862162470817566,0.7078241109848022,0.8115126490592957,0.22085753083229065,0.9865317940711975,0.6403663158416748,0.7939599752426147,0.4517107903957367,0.9872272610664368,0.7051176428794861,0.8263628482818604,0.23396258056163788,0.8731376528739929,0.6565568447113037,0.8059415817260742,0.46125417947769165,0.9287161827087402,0.6925984025001526,0.8564252257347107,0.07347534596920013,0.9799509048461914,0.6074076890945435,0.8357656598091125,0.33125588297843933,0.9814779758453369
15.0,0.6550899147987366,0.3298143148422241,-0.3920426368713379,0.9998927116394043,0.6651564836502075,0.3157936632633209,-0.37359586358070374,0.9997541308403015,0.6708973050117493,0.31583723425865173,-0.3737275004386902,0.999755322933197,0.6744858026504517,0.3161945044994354,-0.37385350465774536,0.999752938747406,0.6452010869979858,0.3165394365787506,-0.37815290689468384,0.9997552037239075,0.6384591460227966,0.3171575665473938,-0.37816640734672546,0.9997297525405884,0.6329933404922485,0.31804022192955017,-0.37821394205093384,0.9997052550315857,0.6798486113548279,0.3222295343875885,-0.2209775149822235,0.9997321963310242,0.6256421804428101,0.324608713388443,-0.2356186807155609,0.9994818568229675,0.665804386138916,0.3442521095275879,-0.329995334148407,0.9997712969779968,0.6425455808639526,0.34576448798179626,-0.3388965129852295,0.9996991753578186,0.7211849093437195,0.3947106599807739,-0.14111420512199402,0.9993994832038879,0.584740161895752,0.39416757225990295,-0.054017145186662674,0.9981431365013123,0.8054460287094116,0.4259801506996155,0.0563492476940155,0.9851869344711304,0.5969933271408081,0.4380435049533844,0.22857661545276642,0.5270516872406006,0.7681540250778198,0.5031852126121521,0.20336952805519104,0.9498113393783569,0.6195183992385864,0.4945272207260132,0.4253554940223694,0.5109672546386719,0.7623494863510132,0.5170924663543701,0.21721331775188446,0.8951458930969238,0.6272778511047363,0.5095500349998474,0.45279088616371155,0.48098698258399963,0.7503905892372131,0.5123971700668335,0.18546822667121887,0.8934831619262695,0.6309338808059692,0.5081592798233032,0.42476987838745117,0.47937244176864624,0.7491385340690613,0.5064468383789062,0.19813404977321625,0.8746172189712524,0.6313562989234924,0.5024315118789673,0.4203345775604248,0.4658784568309784,0.7073384523391724,0.5781689882278442,-0.04069928079843521,0.9990695118904114,0.6357706785202026,0.577357828617096,0.04059420898556709,0.9987255930900574,0.7103636264801025,0.7136543989181519,-0.01331841666251421,0.9925956130027771,0.619042694568634,0.7064042687416077,0.07175467908382416,0.9850655198097229,0.7081732749938965,0.8086811304092407,0.2893260419368744,0.9859344959259033,0.6396174430847168,0.8048200011253357,0.35127443075180054,0.9865293502807617,0.7055741548538208,0.819665253162384,0.3100567162036896,0.8615533113479614,0.6538888216018677,0.8175865411758423,0.3673933446407318,0.9261366724967957,0.6926940679550171,0.8563854694366455,0.174102783203125,0.978053092956543,0.6091309785842896,0.8458004593849182,0.24935898184776306,0.9804630279541016
16.0,0.6502591371536255,0.3334560692310333,-0.3869861364364624,0.9998778104782104,0.6589494943618774,0.31952714920043945,-0.3690171539783478,0.9997074007987976,0.6645423769950867,0.31960269808769226,-0.3690994381904602,0.9997197389602661,0.6685993671417236,0.3198946714401245,-0.36920931935310364,0.9997254610061646,0.6408044099807739,0.32046371698379517,-0.37186700105667114,0.9996889233589172,0.6345219016075134,0.3212202191352844,-0.37183958292007446,0.9996675848960876,0.6292018890380859,0.32198041677474976,-0.3717459738254547,0.9996303915977478,0.6732832193374634,0.32554832100868225,-0.22677910327911377,0.9997125864028931,0.6207330822944641,0.32885468006134033,-0.24738450348377228,0.9993451833724976,0.6601532101631165,0.3478570580482483,-0.32853615283966064,0.999774158000946,0.6377691030502319,0.34892624616622925,-0.33479976654052734,0.999652087688446,0.7167567014694214,0.3945213854312897,-0.1454254388809204,0.9994491338729858,0.5784994959831238,0.40313130617141724,-0.06698060780763626,0.9974419474601746,0.8003414869308472,0.4242265820503235,0.040157001465559006,0.9853741526603699,0.5963495969772339,0.44171735644340515,0.20584210753440857,0.4884742200374603,0.7621747255325317,0.500485360622406,0.17950433492660522,0.9344444274902344,0.6275995373725891,0.49892884492874146,0.3875510096549988,0.46407750248908997,0.7536921501159668,0.5165802240371704,0.18895223736763,0.8641800284385681,0.6379172801971436,0.5136743187904358,0.4117768704891205,0.43803778290748596,0.7436886429786682,0.5140795111656189,0.15972352027893066,0.8627000451087952,0.6407281756401062,0.5115041732788086,0.3826010525226593,0.43672579526901245,0.7436822652816772,0.5078637003898621,0.17465642094612122,0.8445419073104858,0.6398377418518066,0.5064007043838501,0.3816359341144562,0.42525002360343933,0.7076221108436584,0.5781654715538025,-0.03610815480351448,0.9989429712295532,0.6360988020896912,0.5798977017402649,0.03600560873746872,0.9984139204025269,0.711479663848877,0.7107581496238708,0.003380896057933569,0.9924421906471252,0.6215502023696899,0.7101459503173828,0.07924379408359528,0.9839239120483398,0.7095469236373901,0.8074694871902466,0.3002069890499115,0.985563337802887,0.6396305561065674,0.8101270794868469,0.3480586111545563,0.9859052300453186,0.7065457105636597,0.8179578185081482,0.31984972953796387,0.8547375202178955,0.6537534594535828,0.823919415473938,0.36476290225982666,0.9242050051689148,0.6964024305343628,0.8559723496437073,0.18438169360160828,0.9766505360603333,0.6094368696212769,0.8506394028663635,0.24807238578796387,0.9795851111412048
17.0,0.6433267593383789,0.3460027575492859,-0.36475521326065063,0.9998798966407776,0.6522163152694702,0.33004334568977356,-0.35076212882995605,0.9997087121009827,0.6583965420722961,0.32970431447029114,-0.35069936513900757,0.9997226595878601,0.6632099747657776,0.32967236638069153,-0.350771963596344,0.9997310042381287,0.6337817311286926,0.33109399676322937,-0.3526635766029358,0.9996833205223083,0.6278728246688843,0.3313691318035126,-0.352682888507843,0.999664843082428,0.6230632662773132,0.33155959844589233,-0.3524401783943176,0.9996324181556702,0.6697136163711548,0.33381223678588867,-0.2264486849308014,0.9997230172157288,0.6161982417106628,0.3376563489437103,-0.2373049259185791,0.9993597269058228,0.6542475819587708,0.3598887026309967,-0.3148748576641083,0.9997879266738892,0.6327449679374695,0.361157089471817,-0.31864818930625916,0.9996607303619385,0.7169403433799744,0.3972908556461334,-0.13824214041233063,0.9994974732398987,0.5760878324508667,0.41238048672676086,-0.05927913635969162,0.9974807500839233,0.7977234721183777,0.4259907305240631,0.0796254575252533,0.985854983329773,0.5835410356521606,0.44374406337738037,0.2668966054916382,0.4753243625164032,0.7575485706329346,0.5001670122146606,0.2526799440383911,0.9240320920944214,0.6229179501533508,0.4994818866252899,0.5111459493637085,0.4264092445373535,0.7479913234710693,0.5184704661369324,0.26852819323539734,0.841585099697113,0.6315905451774597,0.5123671889305115,0.5424134135246277,0.40254104137420654,0.739400327205658,0.5166952610015869,0.2395237684249878,0.8397904634475708,0.6353608965873718,0.509653627872467,0.5174484252929688,0.40142250061035156,0.7398394346237183,0.5101050734519958,0.24841272830963135,0.8219228982925415,0.6349890232086182,0.5046213269233704,0.5072494745254517,0.3926142156124115,0.708732008934021,0.5781115889549255,-0.03225915879011154,0.9989177584648132,0.6362699866294861,0.5816043615341187,0.03223121538758278,0.9983779191970825,0.7131463289260864,0.7084298729896545,0.0038657751865684986,0.9924289584159851,0.6216754913330078,0.7109075784683228,0.056817758828401566,0.9834165573120117,0.7129232883453369,0.8027976751327515,0.2966213524341583,0.9857718348503113,0.6395114660263062,0.8128121495246887,0.31276190280914307,0.9859108924865723,0.7095061540603638,0.8132187724113464,0.31659913063049316,0.8555046319961548,0.6537047028541565,0.8268054723739624,0.3287040889263153,0.9250574707984924,0.7050040364265442,0.8491016626358032,0.1871946156024933,0.9765394330024719,0.610788106918335,0.8525247573852539,0.2125709056854248,0.9795656800270081
18.0,0.6431852579116821,0.3505491316318512,-0.35320013761520386,0.9998846054077148,0.6510155200958252,0.33461418747901917,-0.336911678314209,0.9997209310531616,0.6567678451538086,0.33418792486190796,-0.33682748675346375,0.9997357130050659,0.6607285737991333,0.33408644795417786,-0.33690935373306274,0.999744176864624,0.6327255964279175,0.335660457611084,-0.3411606550216675,0.9996922612190247,0.6264377236366272,0.3360968828201294,-0.34121599793434143,0.9996775984764099,0.6211713552474976,0.33648812770843506,-0.3409527838230133,0.9996485710144043,0.667282223701477,0.33758386969566345,-0.20799653232097626,0.99974125623703,0.6132661700248718,0.34282204508781433,-0.2329978197813034,0.9993954300880432,0.6538601517677307,0.363953173160553,-0.3026702105998993,0.9998045563697815,0.6322455406188965,0.3664340078830719,-0.30912619829177856,0.999681830406189,0.7167598009109497,0.4005493223667145,-0.11695738881826401,0.9995427131652832,0.5741724967956543,0.4192078411579132,-0.05504046007990837,0.9975624680519104,0.7946115732192993,0.4288075864315033,0.1139194592833519,0.9862938523292542,0.5760691165924072,0.4457363188266754,0.2781528830528259,0.46555647253990173,0.7548674941062927,0.5019741058349609,0.2974320650100708,0.9162994027137756,0.6207298040390015,0.503800094127655,0.5421899557113647,0.3921704888343811,0.7460737228393555,0.5231608748435974,0.3155938982963562,0.8222866058349609,0.6288586258888245,0.5189727544784546,0.5771119594573975,0.37027692794799805,0.7373055219650269,0.5221768021583557,0.2857763171195984,0.8201856017112732,0.6328561305999756,0.5157912969589233,0.54990154504776,0.36933624744415283,0.7375935316085815,0.5151081681251526,0.29319673776626587,0.8017680644989014,0.632503092288971,0.5098044872283936,0.5382011532783508,0.36281299591064453,0.7089675664901733,0.5784276127815247,-0.022791510447859764,0.9989426732063293,0.635501503944397,0.5844752192497253,0.022897381335496902,0.9984411597251892,0.7146788835525513,0.7057458162307739,0.017980307340621948,0.9926695823669434,0.6219092607498169,0.7120230197906494,0.02209886908531189,0.9838313460350037,0.7181515097618103,0.7932323813438416,0.3486312925815582,0.9862526059150696,0.6392437219619751,0.8136361241340637,0.277277410030365,0.986519455909729,0.7144607305526733,0.8022422194480896,0.37369057536125183,0.8602357506752014,0.6535188555717468,0.8278624415397644,0.29275184869766235,0.9271754622459412,0.7180584073066711,0.8379992246627808,0.2477753609418869,0.9768521189689636,0.6137455105781555,0.853211522102356,0.15684890747070312,0.9801289439201355
19.0,0.6429682970046997,0.3494212031364441,-0.3738478124141693,0.9998897314071655,0.6498727798461914,0.3338230848312378,-0.3569728136062622,0.9997313618659973,0.6549375653266907,0.33349600434303284,-0.35686802864074707,0.9997460246086121,0.6584052443504333,0.3334245979785919,-0.35691899061203003,0.9997544884681702,0.6323620080947876,0.33496618270874023,-0.36311474442481995,0.9997034668922424,0.6261820197105408,0.3354659974575043,-0.3631840944290161,0.9996909499168396,0.620486855506897,0.3359656035900116,-0.3629605770111084,0.9996647834777832,0.6651507019996643,0.33757278323173523,-0.22627727687358856,0.9997540712356567,0.6121629476547241,0.3431212604045868,-0.2546529471874237,0.9994224309921265,0.6533542275428772,0.36293870210647583,-0.32287105917930603,0.999817967414856,0.63215172290802,0.3653910458087921,-0.33135098218917847,0.9996984004974365,0.7165771722793579,0.40174996852874756,-0.12521488964557648,0.9995775818824768,0.5740983486175537,0.42112594842910767,-0.08465266227722168,0.9976328611373901,0.7932153940200806,0.42936795949935913,0.07552476227283478,0.9863234758377075,0.5758185386657715,0.4486651122570038,0.22035351395606995,0.4558744430541992,0.753170907497406,0.5032638311386108,0.233107328414917,0.9067193269729614,0.6215733289718628,0.5073159337043762,0.453591912984848,0.3615669012069702,0.7448375821113586,0.5253991484642029,0.2497856616973877,0.8022017478942871,0.6333989500999451,0.5222434997558594,0.4845295548439026,0.34166219830513,0.7359172105789185,0.5247299075126648,0.21873930096626282,0.7997999787330627,0.637313723564148,0.5193055272102356,0.45743170380592346,0.3408711552619934,0.7360067367553711,0.5174334049224854,0.2281755656003952,0.7806069850921631,0.6361029744148254,0.513417661190033,0.4498651623725891,0.33607909083366394,0.7090864777565002,0.5784352421760559,-0.020445413887500763,0.998930811882019,0.635659396648407,0.5849840044975281,0.020496105775237083,0.9985114336013794,0.7149394750595093,0.7007215023040771,0.05166283994913101,0.9927552938461304,0.6219905614852905,0.7122252583503723,0.026654541492462158,0.9844327569007874,0.7244609594345093,0.785033106803894,0.3839651644229889,0.9865226149559021,0.6392019987106323,0.8136349320411682,0.26269716024398804,0.9872446656227112,0.7216028571128845,0.7932271361351013,0.40879830718040466,0.8624469041824341,0.6539331674575806,0.8294869065284729,0.27547165751457214,0.9298258423805237,0.7280169129371643,0.829706072807312,0.28081393241882324,0.9771080017089844,0.6132194995880127,0.8535563945770264,0.1325838267803192,0.9809130430221558
20.0,0.6414337158203125,0.34813299775123596,-0.38966140151023865,0.9998941421508789,0.6482102274894714,0.3327936828136444,-0.3735530972480774,0.9997398257255554,0.6530214548110962,0.3325428068637848,-0.3734683096408844,0.9997544884681702,0.6567494869232178,0.3324028551578522,-0.37349605560302734,0.9997632503509521,0.6308783292770386,0.33417651057243347,-0.3771131634712219,0.9997103214263916,0.6246035099029541,0.33481651544570923,-0.3771507441997528,0.99969881772995,0.6187231540679932,0.3354526460170746,-0.3769382834434509,0.9996742606163025,0.6644662618637085,0.3368862271308899,-0.24152164161205292,0.9997644424438477,0.611059844493866,0.3426770865917206,-0.2591804265975952,0.9994372129440308,0.652474045753479,0.3614886701107025,-0.3375895321369171,0.9998296499252319,0.631308376789093,0.3639775514602661,-0.3427852988243103,0.9997106194496155,0.7164772748947144,0.4014679789543152,-0.1357080638408661,0.9996104836463928,0.5758607983589172,0.42003199458122253,-0.08517913520336151,0.9976693391799927,0.7926403284072876,0.42770618200302124,0.05726081132888794,0.9867128729820251,0.5754958391189575,0.4461144208908081,0.21694640815258026,0.4469909965991974,0.7536871433258057,0.5025479197502136,0.19205242395401,0.9028793573379517,0.6205662488937378,0.5041477084159851,0.430330365896225,0.33455196022987366,0.746067225933075,0.5246472954750061,0.20485787093639374,0.7927932143211365,0.6327159404754639,0.518075168132782,0.4566422402858734,0.31668052077293396,0.7382434606552124,0.5238810777664185,0.17163974046707153,0.7903169393539429,0.6365453004837036,0.5150445103645325,0.4273054003715515,0.31609582901000977,0.7376824021339417,0.5166487693786621,0.18605124950408936,0.7703887820243835,0.6353254318237305,0.509711742401123,0.4250240921974182,0.3130802512168884,0.7105421423912048,0.5775631666183472,-0.0230240635573864,0.9989354610443115,0.6359946727752686,0.584893524646759,0.02303658425807953,0.9985721111297607,0.7151153683662415,0.6990799903869629,0.05749799683690071,0.9928550720214844,0.6223980784416199,0.7119812965393066,0.0377446748316288,0.9849315285682678,0.7291733026504517,0.7848308086395264,0.37378790974617004,0.9869709014892578,0.639204740524292,0.8136538863182068,0.2740144729614258,0.9878763556480408,0.7281907200813293,0.7925840616226196,0.39632225036621094,0.8643063902854919,0.6539689302444458,0.8306646347045898,0.2865224778652191,0.9323035478591919,0.7306041121482849,0.8292491436004639,0.26067259907722473,0.9776654243469238,0.6129804849624634,0.8538414835929871,0.1449328362941742,0.9816135764122009
21.0,0.6399135589599609,0.347490131855011,-0.4077299237251282,0.9998979568481445,0.6473684906959534,0.33265161514282227,-0.3937796652317047,0.9997458457946777,0.6522326469421387,0.33231496810913086,-0.3937276601791382,0.9997622966766357,0.656610369682312,0.3320499062538147,-0.3937506079673767,0.9997705817222595,0.6294609904289246,0.333432137966156,-0.39529067277908325,0.9997168183326721,0.6230412721633911,0.33394283056259155,-0.39529040455818176,0.9997066259384155,0.6170486211776733,0.33451297879219055,-0.3950806260108948,0.9996793270111084,0.6648682355880737,0.3362566828727722,-0.26212814450263977,0.9997740387916565,0.6105074286460876,0.3418266773223877,-0.2715054452419281,0.9994511604309082,0.6514910459518433,0.36092236638069153,-0.3546886742115021,0.9998391270637512,0.6298001408576965,0.36387836933135986,-0.3573848307132721,0.9997153878211975,0.7162457704544067,0.3985125720500946,-0.1695554405450821,0.9996438026428223,0.5765732526779175,0.4187462329864502,-0.0835673063993454,0.9976110458374023,0.7944431900978088,0.421509712934494,0.03799280524253845,0.9873318076133728,0.5763653516769409,0.4433385729789734,0.21437712013721466,0.43631792068481445,0.7619136571884155,0.4990198314189911,0.17686715722084045,0.9005300402641296,0.6199688911437988,0.5039224028587341,0.4021688401699066,0.3145463764667511,0.7557713389396667,0.5235132575035095,0.19202488660812378,0.786760151386261,0.633717954158783,0.5178773403167725,0.42509889602661133,0.29874658584594727,0.7466592788696289,0.5226733088493347,0.15521030128002167,0.7842195630073547,0.6373042464256287,0.5130358338356018,0.39699774980545044,0.29830947518348694,0.7458716630935669,0.5162105560302734,0.17022791504859924,0.7643713355064392,0.635293185710907,0.5078436732292175,0.39703235030174255,0.29649385809898376,0.7118656039237976,0.5778064131736755,-0.030953669920563698,0.998973548412323,0.6390730142593384,0.584748387336731,0.03089756891131401,0.9985326528549194,0.7199389338493347,0.705156683921814,0.009489411488175392,0.9930344223976135,0.625799298286438,0.7127289772033691,0.12722283601760864,0.9845075011253357,0.7341756224632263,0.8130595684051514,0.20602922141551971,0.9875120520591736,0.639549195766449,0.8147313594818115,0.38899824023246765,0.9877894520759583,0.7342309355735779,0.8287768959999084,0.21468758583068848,0.8650602102279663,0.6535724401473999,0.8334193825721741,0.4043072760105133,0.9311279058456421,0.7292433381080627,0.8546078205108643,0.06291941553354263,0.9783623218536377,0.6105483770370483,0.8544074296951294,0.2897242605686188,0.9817179441452026
22.0,0.6387320756912231,0.34716618061065674,-0.4016988277435303,0.9999023079872131,0.6465244889259338,0.3325042128562927,-0.3879883885383606,0.9997536540031433,0.6514796614646912,0.33195018768310547,-0.3879413306713104,0.9997706413269043,0.6561307907104492,0.3315933644771576,-0.3879677951335907,0.9997789859771729,0.628399670124054,0.33295750617980957,-0.38897255063056946,0.9997255802154541,0.6219586730003357,0.3333713710308075,-0.3889685273170471,0.9997159242630005,0.6160074472427368,0.33391040563583374,-0.38876691460609436,0.9996874928474426,0.6648775339126587,0.3356580436229706,-0.25800609588623047,0.9997838735580444,0.6101654767990112,0.3413422107696533,-0.2648915648460388,0.9994693994522095,0.6506623029708862,0.3602117896080017,-0.3491719365119934,0.9998489618301392,0.6287139654159546,0.36333999037742615,-0.3511687219142914,0.9997247457504272,0.7162551879882812,0.39691078662872314,-0.16963210701942444,0.9996742606163025,0.5769582986831665,0.4172345995903015,-0.07855360954999924,0.9976239204406738,0.795245885848999,0.4194943308830261,0.041376445442438126,0.9878300428390503,0.5773464441299438,0.4416002929210663,0.21830172836780548,0.4299236536026001,0.7644146680831909,0.49686399102211,0.18998804688453674,0.8975784182548523,0.6195474863052368,0.5034747123718262,0.40985727310180664,0.2972906231880188,0.7583425641059875,0.5223307013511658,0.20651085674762726,0.7805580496788025,0.6339631080627441,0.5174152255058289,0.4328705668449402,0.28308868408203125,0.7489569187164307,0.5220016241073608,0.16964325308799744,0.7778999209403992,0.6374452114105225,0.5118369460105896,0.4060947299003601,0.2827761173248291,0.7482022047042847,0.5156018733978271,0.1835380494594574,0.758188009262085,0.6351508498191833,0.506714403629303,0.405146062374115,0.28218260407447815,0.7128704786300659,0.5780661702156067,-0.03382698446512222,0.9990153908729553,0.6407176852226257,0.5846039652824402,0.03374061360955238,0.9985131621360779,0.722335934638977,0.7086155414581299,-0.006368265952914953,0.993165910243988,0.6274681687355042,0.7135809063911438,0.13190320134162903,0.9840121269226074,0.73572838306427,0.8206894993782043,0.18789710104465485,0.9879696369171143,0.6399549245834351,0.8150935769081116,0.39913398027420044,0.9876106977462769,0.7359223365783691,0.8367798924446106,0.1965736448764801,0.865268886089325,0.6534445285797119,0.8342381715774536,0.4154192805290222,0.9297360777854919,0.7295928597450256,0.8623820543289185,0.04468593746423721,0.9789457321166992,0.609647810459137,0.8546037673950195,0.3030620217323303,0.9817275404930115
23.0,0.6394473910331726,0.34652450680732727,-0.398610383272171,0.9999032020568848,0.6471266746520996,0.33173272013664246,-0.38314107060432434,0.9997534155845642,0.6519908308982849,0.3311944901943207,-0.383098840713501,0.9997687339782715,0.6567410230636597,0.33075153827667236,-0.3831261992454529,0.9997771382331848,0.6290988326072693,0.3326667547225952,-0.3864113986492157,0.9997278451919556,0.6227141618728638,0.33320143818855286,-0.3864104151725769,0.9997180104255676,0.6166704297065735,0.33373814821243286,-0.38621872663497925,0.9996881484985352,0.6650403738021851,0.3353241980075836,-0.2505791187286377,0.9997806549072266,0.6100418567657471,0.3409528434276581,-0.26823556423187256,0.9994833469390869,0.651026725769043,0.3595501482486725,-0.34485942125320435,0.9998530149459839,0.6292138695716858,0.3627142310142517,-0.3500367999076843,0.9997267127037048,0.7158306241035461,0.3960798382759094,-0.14473873376846313,0.9996933937072754,0.5779082775115967,0.4160487651824951,-0.10078762471675873,0.9976751208305359,0.7966557145118713,0.4195604920387268,0.07006250321865082,0.9878232479095459,0.5772557258605957,0.44242745637893677,0.1763744354248047,0.4372779130935669,0.7652240991592407,0.4957299828529358,0.17921601235866547,0.8951452374458313,0.6192687749862671,0.5022422075271606,0.3807811141014099,0.2860613763332367,0.7591536641120911,0.520814061164856,0.19004860520362854,0.7758254408836365,0.6346259117126465,0.5162822008132935,0.39166590571403503,0.2723570466041565,0.7496494054794312,0.5210737586021423,0.155464768409729,0.773248016834259,0.6382229328155518,0.5124032497406006,0.3720754384994507,0.271941214799881,0.7488776445388794,0.5138829350471497,0.17214825749397278,0.7534160017967224,0.6355603337287903,0.5071361660957336,0.37341439723968506,0.2722814083099365,0.7150532007217407,0.5786328315734863,-0.022763269022107124,0.9990116953849792,0.6427678465843201,0.5847837328910828,0.022774744778871536,0.9984893202781677,0.7246982455253601,0.7085888385772705,0.017942871898412704,0.9926877617835999,0.6291366815567017,0.7138294577598572,0.11204735189676285,0.9838508367538452,0.7405263781547546,0.8209443688392639,0.2052561342716217,0.9876641035079956,0.640190601348877,0.8165814876556396,0.3454849123954773,0.9874702095985413,0.7367411851882935,0.8408811688423157,0.2117764949798584,0.8671135306358337,0.6532677412033081,0.8359832167625427,0.3560087978839874,0.9292245507240295,0.7453421354293823,0.8611866235733032,0.06563110649585724,0.9781067371368408,0.609315037727356,0.8548622727394104,0.23494121432304382,0.9813093543052673
24.0,0.6437225341796875,0.3462319076061249,-0.3070051372051239,0.9999105334281921,0.6485594511032104,0.3315661549568176,-0.28849977254867554,0.9997734427452087,0.6535457968711853,0.3310840129852295,-0.2885780930519104,0.9997860193252563,0.6582115888595581,0.3307233452796936,-0.28866255283355713,0.9997943639755249,0.6321319341659546,0.33250540494918823,-0.28887078166007996,0.9997503757476807,0.6251192092895508,0.3330823481082916,-0.28887954354286194,0.999739944934845,0.6191004514694214,0.3336848020553589,-0.2888147234916687,0.9997125267982483,0.6654309034347534,0.3352847099304199,-0.14460906386375427,0.9997985363006592,0.610455334186554,0.3408470153808594,-0.1496628224849701,0.9995251297950745,0.6526619791984558,0.35921767354011536,-0.2494899332523346,0.9998653531074524,0.6328564882278442,0.3620296120643616,-0.2510543167591095,0.9997493028640747,0.7153145670890808,0.3952082693576813,-0.08291446417570114,0.9997208118438721,0.5862550139427185,0.415574312210083,-0.01847987063229084,0.9978593587875366,0.7963699698448181,0.4255269467830658,-0.06727610528469086,0.9884577393531799,0.5769907832145691,0.45415133237838745,-0.04871504753828049,0.47188451886177063,0.7645955681800842,0.49556002020835876,-0.2106342315673828,0.9040274024009705,0.5760936737060547,0.492439866065979,-0.3150799870491028,0.3383650481700897,0.7492040395736694,0.5173683762550354,-0.25364649295806885,0.7947505712509155,0.576261043548584,0.5083816647529602,-0.3611786663532257,0.32412150502204895,0.7389522790908813,0.5093334317207336,-0.2708855867385864,0.7924149036407471,0.5806183815002441,0.5042750239372253,-0.3895387351512909,0.32478007674217224,0.7424138784408569,0.5032013058662415,-0.21686796844005585,0.7734548449516296,0.5836941003799438,0.4969620704650879,-0.332730233669281,0.3243351876735687,0.7216935157775879,0.579383909702301,-0.02471958100795746,0.9990463852882385,0.6492264270782471,0.5855839252471924,0.024746766313910484,0.9985558986663818,0.7294206023216248,0.7101894617080688,-0.02824251912534237,0.9906545877456665,0.6332955360412598,0.7139394283294678,0.047956399619579315,0.9793689250946045,0.7424755692481995,0.8145500421524048,0.21281127631664276,0.9823015928268433,0.6405513286590576,0.8174498081207275,0.2778446078300476,0.9836814999580383,0.7419086694717407,0.8350554704666138,0.2272968590259552,0.8582648038864136,0.6531205177307129,0.8364267349243164,0.29239436984062195,0.9228740334510803,0.7452667951583862,0.8565663695335388,0.09410969913005829,0.9703818559646606,0.6088722944259644,0.8550706505775452,0.17074745893478394,0.9752275347709656
25.0,0.6451079249382019,0.3459698557853699,-0.3225520849227905,0.9999164938926697,0.6488314867019653,0.3313816487789154,-0.305902898311615,0.9997901320457458,0.6538439989089966,0.3309103548526764,-0.3059602379798889,0.999799907207489,0.6586715579032898,0.33056971430778503,-0.30604061484336853,0.9998084306716919,0.6328250765800476,0.3324546217918396,-0.3053164780139923,0.9997696280479431,0.6257442831993103,0.33310094475746155,-0.3053218424320221,0.9997579455375671,0.6196291446685791,0.33378714323043823,-0.30523961782455444,0.9997320771217346,0.6655345559120178,0.33518362045288086,-0.1649361401796341,0.9998136162757874,0.610821008682251,0.34095364809036255,-0.16612322628498077,0.9995598196983337,0.6532996892929077,0.35890287160873413,-0.26572081446647644,0.9998751878738403,0.6340548992156982,0.3615991473197937,-0.26616838574409485,0.9997670650482178,0.7151088714599609,0.3947107493877411,-0.0972369983792305,0.9997442364692688,0.5897221565246582,0.41521942615509033,-0.021776998415589333,0.9980059266090393,0.7964192628860474,0.4290843605995178,-0.05731487274169922,0.9890079498291016,0.5772786140441895,0.4547651410102844,-0.02300862781703472,0.4867536127567291,0.7636121511459351,0.4956263601779938,-0.13724707067012787,0.9116560220718384,0.5736556053161621,0.4823809266090393,-0.22072115540504456,0.36546462774276733,0.7443706393241882,0.5172266960144043,-0.16795682907104492,0.8108408451080322,0.5724271535873413,0.5001433491706848,-0.25216275453567505,0.3517077565193176,0.7336925864219666,0.5082514882087708,-0.18804028630256653,0.8087193965911865,0.5762490034103394,0.49892398715019226,-0.2818413972854614,0.35362863540649414,0.7380329370498657,0.502166211605072,-0.14237765967845917,0.79014652967453,0.5800326466560364,0.49039867520332336,-0.2368367463350296,0.3538588881492615,0.7240262031555176,0.5795446038246155,-0.027813458815217018,0.999076783657074,0.6521551012992859,0.5860009789466858,0.02791762724518776,0.998631477355957,0.7320516705513,0.7101137638092041,-0.021808089688420296,0.9889540076255798,0.6352212429046631,0.7138619422912598,0.04968675598502159,0.976380467414856,0.7456904053688049,0.8137111067771912,0.22052566707134247,0.9796541929244995,0.6409108638763428,0.8182784914970398,0.26518747210502625,0.9818798303604126,0.7449042797088623,0.8325718641281128,0.23297452926635742,0.8577982187271118,0.6531672477722168,0.8378026485443115,0.2775222659111023,0.9212390184402466,0.7484318614006042,0.8554185628890991,0.10106668621301651,0.9662638306617737,0.6081773638725281,0.8553725481033325,0.1544199287891388,0.971886157989502
26.0,0.6493408679962158,0.3472096025943756,-0.3229603171348572,0.9999234080314636,0.6516475081443787,0.33245086669921875,-0.3022664487361908,0.9998090267181396,0.6563680768013,0.33190715312957764,-0.3023819029331207,0.9998174905776978,0.6607410907745361,0.33149707317352295,-0.30244117975234985,0.9998252391815186,0.6368711590766907,0.3337036669254303,-0.30439260601997375,0.9997901320457458,0.6295811533927917,0.3344852030277252,-0.30440405011177063,0.999778687953949,0.6233316659927368,0.3352002799510956,-0.3043525516986847,0.9997548460960388,0.6659654974937439,0.3357781171798706,-0.14551816880702972,0.999829888343811,0.6111144423484802,0.3423786461353302,-0.15833602845668793,0.9995971322059631,0.6559392213821411,0.35968783497810364,-0.26172542572021484,0.9998863339424133,0.6384503841400146,0.3625946342945099,-0.26528894901275635,0.999787449836731,0.7155418395996094,0.3945387899875641,-0.08254991471767426,0.9997668266296387,0.5934997797012329,0.41552475094795227,-0.017489830031991005,0.998160719871521,0.782690167427063,0.4497208893299103,-0.1805076152086258,0.9891782999038696,0.5773224234580994,0.47573378682136536,-0.13289715349674225,0.5255548357963562,0.7522281408309937,0.48206862807273865,-0.47824937105178833,0.9193586707115173,0.5687452554702759,0.47866588830947876,-0.5110467076301575,0.4230516850948334,0.7454485893249512,0.4962595999240875,-0.5446339249610901,0.82756507396698,0.5581547021865845,0.47882992029190063,-0.5761017799377441,0.4093070924282074,0.7337468862533569,0.48143938183784485,-0.5596304535865784,0.8256414532661438,0.5616933107376099,0.47261756658554077,-0.6018562316894531,0.4112284183502197,0.7354847192764282,0.478386253118515,-0.48836034536361694,0.8080020546913147,0.5682728290557861,0.47239431738853455,-0.53055739402771,0.41007521748542786,0.7276070713996887,0.5805000066757202,-0.028470953926444054,0.9991023540496826,0.6557518243789673,0.587632954120636,0.028633560985326767,0.998666524887085,0.7366798520088196,0.7110533714294434,-0.03589104488492012,0.9885416030883789,0.6372110247612,0.7119333744049072,0.056463517248630524,0.9760525822639465,0.751850962638855,0.8139871954917908,0.163456529378891,0.9783478379249573,0.64131760597229,0.8180677890777588,0.2892869710922241,0.9807050228118896,0.7500817179679871,0.8319631218910217,0.17188847064971924,0.8577559590339661,0.6532336473464966,0.8376802802085876,0.30289798974990845,0.9176999926567078,0.7551966905593872,0.8553803563117981,0.024403998628258705,0.964591920375824,0.6075462102890015,0.8553272485733032,0.18150663375854492,0.9701313376426697
27.0,0.6540600061416626,0.3478199541568756,-0.42120400071144104,0.9999278783798218,0.6552802324295044,0.33290138840675354,-0.4052608907222748,0.9998233914375305,0.6594047546386719,0.3323148190975189,-0.40531817078590393,0.9998306035995483,0.6631385087966919,0.33179351687431335,-0.40534868836402893,0.9998366832733154,0.6420474648475647,0.3341095745563507,-0.4013883173465729,0.9998062252998352,0.6354824304580688,0.3347921371459961,-0.40148505568504333,0.9997956156730652,0.628889262676239,0.3354906439781189,-0.4015272557735443,0.9997740387916565,0.6662628650665283,0.3358874022960663,-0.2611430287361145,0.9998399615287781,0.6128243207931519,0.3430515229701996,-0.24370968341827393,0.9996269941329956,0.6594971418380737,0.3602490723133087,-0.3626551628112793,0.9998939037322998,0.6438336968421936,0.36291050910949707,-0.3582794964313507,0.9998036026954651,0.7160896062850952,0.39454931020736694,-0.21820709109306335,0.9997785091400146,0.5938599705696106,0.4197659492492676,-0.062171489000320435,0.9983072876930237,0.7504308223724365,0.4729287922382355,-0.36164388060569763,0.9889063835144043,0.5764167308807373,0.5095739364624023,-0.18809276819229126,0.5665457844734192,0.6699219346046448,0.4490855038166046,-0.6035814881324768,0.9258517622947693,0.5532387495040894,0.4629835784435272,-0.5429075956344604,0.47818365693092346,0.6449165940284729,0.44058090448379517,-0.6589766144752502,0.8418008089065552,0.535800576210022,0.44342494010925293,-0.5972041487693787,0.46379855275154114,0.6453453898429871,0.43062976002693176,-0.6507583856582642,0.8397729396820068,0.5335525274276733,0.43382877111434937,-0.6054366827011108,0.46531346440315247,0.6525899171829224,0.4331726133823395,-0.6026890277862549,0.822123110294342,0.5424606800079346,0.4392823874950409,-0.5544773936271667,0.46304890513420105,0.7362731695175171,0.5827072262763977,-0.05531638115644455,0.999130129814148,0.6636223793029785,0.5876259803771973,0.05518609285354614,0.9986881017684937,0.7376669645309448,0.714317262172699,-0.06922364234924316,0.9892178773880005,0.6412459015846252,0.7119293212890625,0.11311738193035126,0.9755109548568726,0.747951328754425,0.8248745203018188,0.19122722744941711,0.9795405268669128,0.642444908618927,0.8180310726165771,0.37023478746414185,0.9801425933837891,0.746137797832489,0.8388760089874268,0.205638125538826,0.8592196106910706,0.653717577457428,0.8378440737724304,0.388225793838501,0.9150504469871521,0.7384501695632935,0.8694292902946472,0.05148562043905258,0.9663679599761963,0.6070423126220703,0.8552898168563843,0.25691139698028564,0.9699711799621582
28.0,0.6545069813728333,0.3480881154537201,-0.4602305293083191,0.9999318718910217,0.6561945080757141,0.33313608169555664,-0.4450508952140808,0.999836266040802,0.6605106592178345,0.3326203525066376,-0.44508272409439087,0.9998422861099243,0.6642274260520935,0.33212363719940186,-0.4451114535331726,0.9998466968536377,0.6427701115608215,0.3341476321220398,-0.4390672743320465,0.9998209476470947,0.6361417174339294,0.3348289728164673,-0.43917933106422424,0.9998112916946411,0.6294901371002197,0.33553454279899597,-0.43921414017677307,0.9997918009757996,0.6666179895401001,0.3362646698951721,-0.304397851228714,0.9998487830162048,0.6131654977798462,0.3435283303260803,-0.27766698598861694,0.999654233455658,0.6601942777633667,0.36070993542671204,-0.40302300453186035,0.9999006986618042,0.6437283754348755,0.363272100687027,-0.39580243825912476,0.9998188018798828,0.7166392803192139,0.3947018086910248,-0.2616196274757385,0.9997835159301758,0.5947956442832947,0.4215899705886841,-0.09899933636188507,0.9984452128410339,0.7480437159538269,0.477275550365448,-0.419369637966156,0.9891147613525391,0.5758823752403259,0.5138556361198425,-0.23655207455158234,0.6051709651947021,0.6615802645683289,0.44245246052742004,-0.6569976210594177,0.9321391582489014,0.5597273111343384,0.4614264965057373,-0.5989062786102295,0.5282420516014099,0.6383814811706543,0.43282073736190796,-0.7151123285293579,0.8552399277687073,0.5452495813369751,0.4476207196712494,-0.6571912169456482,0.5133364796638489,0.6401711106300354,0.42244526743888855,-0.7020899057388306,0.8531535863876343,0.5378156900405884,0.4311343729496002,-0.6606029272079468,0.5144286155700684,0.6458150148391724,0.42506909370422363,-0.6543480157852173,0.8357433080673218,0.5510212182998657,0.43652451038360596,-0.6087984442710876,0.5112479329109192,0.7375885248184204,0.58489990234375,-0.06186418980360031,0.9991520047187805,0.6652501821517944,0.5882014632225037,0.06168227270245552,0.9987338781356812,0.7392759919166565,0.7163935899734497,-0.04515649750828743,0.9897223114967346,0.6426385641098022,0.711712658405304,0.1255013644695282,0.9750258922576904,0.7458061575889587,0.8232852220535278,0.25901031494140625,0.9800954461097717,0.6424335241317749,0.8180078864097595,0.3961006999015808,0.9796766042709351,0.7440906167030334,0.8380301594734192,0.2807283401489258,0.8572738766670227,0.6536744236946106,0.8374778032302856,0.4162229001522064,0.9130802154541016,0.7334566712379456,0.8659414649009705,0.13047164678573608,0.9672519564628601,0.6069193482398987,0.8552567958831787,0.2836122512817383,0.9698486924171448
29.0,0.6545100808143616,0.3496432602405548,-0.4226551651954651,0.9999364018440247,0.6562174558639526,0.3346672058105469,-0.4041261672973633,0.9998489022254944,0.6605333089828491,0.33411410450935364,-0.4041570723056793,0.9998536109924316,0.6643127202987671,0.33354392647743225,-0.40420618653297424,0.9998568892478943,0.6426978707313538,0.33549240231513977,-0.40409454703330994,0.9998355507850647,0.6360543966293335,0.33606624603271484,-0.40413784980773926,0.9998264312744141,0.629527747631073,0.3366774916648865,-0.40401679277420044,0.9998090267181396,0.6667603254318237,0.33734649419784546,-0.26624804735183716,0.9998564124107361,0.6133425235748291,0.34449541568756104,-0.27401813864707947,0.9996810555458069,0.6603628396987915,0.3619939982891083,-0.3644406497478485,0.9999067187309265,0.6435384154319763,0.36450764536857605,-0.36990025639533997,0.9998329281806946,0.7152886986732483,0.39496558904647827,-0.22427554428577423,0.9997900724411011,0.5965896844863892,0.42076441645622253,-0.07625503838062286,0.998577892780304,0.7273208498954773,0.48145708441734314,-0.36096465587615967,0.9887110590934753,0.5764273405075073,0.513786256313324,-0.17327338457107544,0.6377764940261841,0.6419833302497864,0.43411508202552795,-0.5625340342521667,0.9373670220375061,0.5642615556716919,0.45699501037597656,-0.4920163154602051,0.5719298720359802,0.6277962327003479,0.42310747504234314,-0.6128953695297241,0.8666706681251526,0.5547300577163696,0.44133490324020386,-0.5409234762191772,0.5552982687950134,0.6303340196609497,0.41378673911094666,-0.5997717380523682,0.8644413948059082,0.5493719577789307,0.4276482164859772,-0.542120099067688,0.5557606220245361,0.634625256061554,0.41632795333862305,-0.5593242049217224,0.8469455242156982,0.5593315362930298,0.433820903301239,-0.49988311529159546,0.5513487458229065,0.7399585247039795,0.58486407995224,-0.0673731118440628,0.9992063045501709,0.6688356995582581,0.5880922675132751,0.06717280298471451,0.9988090991973877,0.739953339099884,0.715894341468811,-0.0382012203335762,0.9904356598854065,0.6451295614242554,0.7113519310951233,0.19177234172821045,0.9751891493797302,0.7445653676986694,0.8224688172340393,0.21113228797912598,0.9814912676811218,0.6430420875549316,0.8176805377006531,0.4519844055175781,0.9800294041633606,0.7430241107940674,0.8375139236450195,0.22667571902275085,0.8630460500717163,0.6548548936843872,0.8360264897346497,0.47131210565567017,0.914230465888977,0.7314256429672241,0.8639563918113708,0.07671003043651581,0.9695943593978882,0.6069022417068481,0.8552314043045044,0.35675016045570374,0.9709311127662659
30.0,0.6543363332748413,0.35043492913246155,-0.3383444547653198,0.9999387264251709,0.6562143564224243,0.33600467443466187,-0.32389795780181885,0.9998572468757629,0.6605196595191956,0.33553484082221985,-0.3239561915397644,0.9998599290847778,0.6643285751342773,0.3350338935852051,-0.3239615261554718,0.9998621940612793,0.6425977945327759,0.3366358280181885,-0.3191138505935669,0.999846339225769,0.6359056234359741,0.33709269762039185,-0.319108784198761,0.9998368620872498,0.6294295787811279,0.3376066982746124,-0.3190914988517761,0.9998210072517395,0.6667490601539612,0.3387967050075531,-0.19170060753822327,0.9998571872711182,0.6133962273597717,0.3447226881980896,-0.17327378690242767,0.9996966123580933,0.6603009700775146,0.3626970946788788,-0.2838546633720398,0.9999035000801086,0.6432126760482788,0.36506763100624084,-0.27917513251304626,0.9998365044593811,0.7055953145027161,0.3948824107646942,-0.20671816170215607,0.9997771382331848,0.5964801907539368,0.41469383239746094,0.0026962703559547663,0.9986390471458435,0.6870437264442444,0.4780518114566803,-0.2949678301811218,0.9870583415031433,0.5930460095405579,0.5077536702156067,-0.1174798235297203,0.6520176529884338,0.5956431031227112,0.4326883852481842,-0.4342030882835388,0.9414063692092896,0.581063449382782,0.44499269127845764,-0.41580742597579956,0.6024449467658997,0.5758278965950012,0.42012107372283936,-0.47974276542663574,0.8761505484580994,0.5572079420089722,0.42450401186943054,-0.46171894669532776,0.5811207890510559,0.5762687921524048,0.4106994569301605,-0.47268930077552795,0.873759925365448,0.5517264604568481,0.4185086488723755,-0.46244826912879944,0.5805312395095825,0.5825315117835999,0.4134802222251892,-0.43233218789100647,0.8560106754302979,0.5631147027015686,0.41772186756134033,-0.42392581701278687,0.5737902522087097,0.7448526620864868,0.5815504193305969,-0.06701238453388214,0.9992148876190186,0.6750792264938354,0.585567831993103,0.06685024499893188,0.9988195896148682,0.7405141592025757,0.7142561078071594,-0.033688984811306,0.9909350872039795,0.6498421430587769,0.7097887396812439,0.1616687923669815,0.9749940037727356,0.7443600296974182,0.8210347294807434,0.1986664980649948,0.9823787212371826,0.6432737112045288,0.8178295493125916,0.4142996668815613,0.9800815582275391,0.7432565689086914,0.8365071415901184,0.2115056812763214,0.8659988045692444,0.6558916568756104,0.836089015007019,0.41531142592430115,0.9145522713661194,0.7294918298721313,0.8633431196212769,0.07139583677053452,0.9711915254592896,0.6067318320274353,0.855467677116394,0.33903011679649353,0.9714548587799072
